ProductID,Product,Price(Rs)
,,
401,Cricket Bat,569
402,Leather Ball,428
403,Cricket Kit,1048
404,Football,2030
405,Shinpads,200
406,Stockings,199
407,Studs,799
408,Tennis Racquet,2099
409,Tennis Racquet Strings,99
410,Badminton Racquet,1599
411,Badminton Racquet Strings,99
412,Shuttle Cock,499
413,Carrom Board,500
414,Chess Board,199
415,Basketball,799
416,Basketball Nets,149
417,Punching gloves,399
418,Punching Bag,949
419,Steel Nunchuks,769
420,Deck of Cards,99
421,Baseball Bat,879
422,Baseball,199
423,Teakwondo Uniform,179
424,Cricket bat grip,39
425,Tennis racquet grip,49
426,Badminton Racquet grip,39
427,Table Tennis Racquet,459
428,Table tennis Ball,159
429,Swimming Shorts,79
430,Swimming Goggles,89
431,Swimming Cap,69
432,Swimming Pad,49
433,Cricket full White Wear,299
434,Shorts,69
435,Jersey,59
